<?xml version="1.0" encoding="UTF-8"?>

<c3p0-config>

  <!-- This app is massive! -->
  <named-config name="homeworkApp">
  
  	<property name="user">root</property>
  	<property name="password">happy1314!</property>
  	<property name="driverClass">com.mysql.cj.jdbc.Driver</property>
  	<property name="jdbcUrl">jdbc:mysql://localhost:3306/db_homework</property>
  	
  	
    <property name="acquireIncrement">5</property>
    <property name="initialPoolSize">10</property>
    <property name="minPoolSize">10</property>
    <property name="maxPoolSize">50</property>

    <!-- intergalactoApp adopts a different approach to configuring statement caching -->
    <property name="maxStatements">20</property> 
    <property name="maxStatementsPerConnection">5</property>
   
  </named-config>
</c3p0-config>
